{"cameraMode":{"drawMode":0,"name":"Shaded","section":"Shading Mode"},"sceneLighting":false,"audioPlay":false,"sceneViewState":{"m_AlwaysRefresh":false,"showFog":true,"showSkybox":false,"showFlares":true,"showImageEffects":true,"showParticleSystems":true,"showVisualEffectGraphs":true,"m_FxEnabled":true},"in2DMode":false,"pivot":{"x":0.08424568176269531,"y":5.383829116821289,"z":0.1188211441040039},"rotation":{"x":0.004467373713850975,"y":-0.9954214692115784,"z":0.07479730993509293,"w":0.05952279642224312},"size":12.38113021850586,"orthographic":false}